volume, 6.604e-05
surfaceArea, 0.588851
compactness, 0.0134179
boundsArea, 4.08718
boundsVolume, 0.554403
eccentricity, 3.63624
a3, 10 0.12439, 0.19311, 0.19335, 0.15663, 0.11574, 0.08367, 0.05902, 0.03998, 0.02555, 0.00856, 0, 3.14159
d1, 10 0.01166, 0.0443, 0.24494, 0.22727, 0.18228, 0.17066, 0.10068, 0.01808, 0.00013, 0, 0, 0.708107
d2, 10 0.10866, 0.31705, 0.3409, 0.1764, 0.05341, 0.00358, 0, 0, 0, 0, 0, 1.73305
d3, 10 0.07804, 0.35541, 0.39651, 0.14398, 0.0247, 0.00136, 0, 0, 0, 0, 0, 0.930605
d4, 10 0.20026, 0.51964, 0.24902, 0.03018, 0.0009, 0, 0, 0, 0, 0, 0, 0.693361
