volume, 9.267e-05
surfaceArea, 0.0314573
compactness, 0.314814
boundsArea, 0.30673
boundsVolume, 0.00465486
eccentricity, 2259.58
a3, 10 0.54826, 0.05518, 0.02392, 0.01782, 0.02812, 0.02093, 0.01654, 0.02535, 0.05493, 0.20895, 0, 3.14159
d1, 10 0.13059, 0.12187, 0.12744, 0.21333, 0.20814, 0.11081, 0.07651, 0.01131, 0, 0, 0, 0.708107
d2, 10 0.34162, 0.24524, 0.18995, 0.15553, 0.06084, 0.00682, 0, 0, 0, 0, 0, 1.73305
d3, 10 0.84119, 0.15871, 0.0001, 0, 0, 0, 0, 0, 0, 0, 0, 0.930605
d4, 10 1, 0, 0, 0, 0, 0, 0, 0, 0, 0, 0, 0.693361
