volume, 0.1381
surfaceArea, 5.23028
compactness, 0.247033
boundsArea, 3.26837
boundsVolume, 0.388054
eccentricity, 2.12049
a3, 10 0.11208, 0.20804, 0.19343, 0.15389, 0.11757, 0.08727, 0.06133, 0.03932, 0.02091, 0.00616, 0, 3.14159
d1, 10 0.00542, 0.04492, 0.10708, 0.14415, 0.23314, 0.20564, 0.12656, 0.1124, 0.02046, 0.00023, 0, 0.708107
d2, 10 0.06413, 0.23775, 0.30616, 0.24174, 0.11249, 0.03551, 0.00222, 0, 0, 0, 0, 1.73305
d3, 10 0.0327, 0.22653, 0.37636, 0.26971, 0.08567, 0.00901, 2e-05, 0, 0, 0, 0, 0.930605
d4, 10 0.10716, 0.42867, 0.36644, 0.09372, 0.00401, 0, 0, 0, 0, 0, 0, 0.693361
